ubuntu@ip-10-1-10-143:~$ mysql -h database-p1-433253181554-readreplica.cjlfop41oxhp.us-west-2.rds.amazonaws.com -D udacity -P 3306 -p -u admin
Enter password:
Reading table information for completion of table and column names
You can turn off this feature to get a quicker startup with -A

Welcome to the MySQL monitor.  Commands end with ; or \g.
Your MySQL connection id is 319
Server version: 8.0.32 Source distribution

Copyright (c) 2000, 2023, Oracle and/or its affiliates.

Oracle is a registered trademark of Oracle Corporation and/or its
affiliates. Other names may be trademarks of their respective
owners.

Type 'help;' or '\h' for help. Type '\c' to clear the current input statement.

mysql> select * from MOCK_DATA;
+------+------------+------------+
| id   | first_name | last_name  |
+------+------------+------------+
|    1 | Danyelle   | Insull     |
|    2 | Vanessa    | Kinnar     |
|    3 | Arleyne    | Kupka      |
|    4 | Goraud     | Tidbold    |
|    5 | Dyann      | Grigor     |
|    6 | Trumann    | Kirtland   |
|    7 | Levi       | Hoodless   |
|    8 | Brockie    | Erasmus    |
|    9 | Claudelle  | Filippazzo |
|   10 | Kippie     | Dyhouse    |
+------+------------+------------+
10 rows in set (0.00 sec)

mysql>

mysql> insert into MOCK_DATA (id, first_name, last_name) values (11, 'Kippie', 'Dyhouse');
ERROR 1290 (HY000): The MySQL server is running with the --read-only option so it cannot execute this statement
mysql>
mysql> insert into MOCK_DATA (id, first_name, last_name) values (11, 'Kippie', 'Dyhouse');
Query OK, 1 row affected (0.00 sec)
mysql> select * from MOCK_DATA;
+------+------------+------------+
| id   | first_name | last_name  |
+------+------------+------------+
|    1 | Danyelle   | Insull     |
|    2 | Vanessa    | Kinnar     |
|    3 | Arleyne    | Kupka      |
|    4 | Goraud     | Tidbold    |
|    5 | Dyann      | Grigor     |
|    6 | Trumann    | Kirtland   |
|    7 | Levi       | Hoodless   |
|    8 | Brockie    | Erasmus    |
|    9 | Claudelle  | Filippazzo |
|   10 | Kippie     | Dyhouse    |
|   11 | Kippie     | Dyhouse    |
+------+------------+------------+
11 rows in set (0.00 sec)

mysql>